{
  "occupancy": {
    "S1": 4883,
    "S2": 5405,
    "S3": 6343,
    "S4": 5208,
    "S5": 5238,
    "S6": 5074,
    "S7": 6434,
    "S8": 5958,
    "S9": 5476,
    "S10": 5268
  },
  "wait_times": {
    "G1": 20.89973462462452,
    "G2": 2.477465358008439,
    "G3": 38.54078221727343,
    "G4": 3.2062033017966414,
    "C1": 1.641100821725316,
    "C2": 3.725831427027975,
    "C3": 3.218930672999431,
    "C4": 1.5348341449368181,
    "C5": 1.2595723300297368,
    "C6": 2.9148353789609547
  }
}