{
  "occupancy": {
    "S1": 7002,
    "S2": 5919,
    "S3": 4932,
    "S4": 5154,
    "S5": 6747,
    "S6": 6711,
    "S7": 6835,
    "S8": 6741,
    "S9": 7140,
    "S10": 7030
  },
  "wait_times": {
    "G1": 3.6855071191399733,
    "G2": 39.050351288419705,
    "G3": 36.96462873280086,
    "G4": 2.5475833013781752,
    "C1": 3.9320883423600006,
    "C2": 3.399118712896629,
    "C3": 3.191069108444102,
    "C4": 3.8447111114117725,
    "C5": 3.242166106801583,
    "C6": 2.3599688450404024
  }
}