{
  "occupancy": {
    "S1": 11000,
    "S2": 11000,
    "S3": 11000,
    "S4": 11000,
    "S5": 11000,
    "S6": 11000,
    "S7": 11000,
    "S8": 11000
  },
  "wait_times": {
    "G1": 3.9413462066215548,
    "G2": 2.968030185403069,
    "G3": 3.7889618578608295,
    "C1": 1.6806852846777853,
    "C2": 3.0301446884711565,
    "C3": 3.260366101996219,
    "C4": 1.7943041511489017
  }
}