{
  "occupancy": {
    "S1": 6817,
    "S2": 5037,
    "S3": 5436,
    "S4": 4867,
    "S5": 6326,
    "S6": 5672,
    "S7": 6081,
    "S8": 7170,
    "S9": 5736,
    "S10": 5770
  },
  "wait_times": {
    "G1": 4.153556724179927,
    "G2": 37.95831003215221,
    "G3": 30.885692658583586,
    "G4": 4.028709673428766,
    "C1": 1.7682756152703119,
    "C2": 2.1905511459998466,
    "C3": 2.062407119060443,
    "C4": 1.9234227922549971,
    "C5": 3.9104437728127803,
    "C6": 2.915063203601413
  }
}