{
  "occupancy": {
    "S1": 6734,
    "S2": 6044,
    "S3": 6312,
    "S4": 4949,
    "S5": 5841,
    "S6": 6023,
    "S7": 6156,
    "S8": 5084,
    "S9": 5504,
    "S10": 6218
  },
  "wait_times": {
    "G1": 20.938349396312418,
    "G2": 4.681497319873314,
    "G3": 38.168900604588686,
    "G4": 3.0242815458725767,
    "C1": 1.13926736880989,
    "C2": 1.246178966492976,
    "C3": 3.2527934017107687,
    "C4": 1.9568635347567551,
    "C5": 1.7303690781321182,
    "C6": 3.7916702096597223
  }
}